[{"statistic_yyy":"統計年","site_id":"區域別","people_total":" 年底人口數 ","area":"土地面積","population_density":"人口密度"},{"statistic_yyy":"104","site_id":"新北市板橋區","people_total":"554236","area":"23.1373","population_density":"23954"},{"statistic_yyy":"104","site_id":"新北市三重區","people_total":"388447","area":"16.317","population_density":"23806"},{"statistic_yyy":"104","site_id":"新北市中和區","people_total":"414304","area":"20.144","population_density":"20567"},{"statistic_yyy":"104","site_id":"新北市永和區","people_total":"225409","area":"5.7138","population_density":"39450"},{"statistic_yyy":"104","site_id":"新北市新莊區","people_total":"413243","area":"19.7383","population_density":"20936"},{"statistic_yyy":"104","site_id":"新北市新店區","people_total":"300267","area":"120.2255","population_density":"2498"},{"statistic_yyy":"104","site_id":"新北市樹林區","people_total":"184249","area":"33.1288","population_density":"5562"},{"statistic_yyy":"104","site_id":"新北市鶯歌區","people_total":"87965","area":"21.1248","population_density":"4164"},{"statistic_yyy":"104","site_id":"新北市三峽區","people_total":"112708","area":"191.4508","population_density":"589"},{"statistic_yyy":"104","site_id":"新北市淡水區","people_total":"162221","area":"70.6565","population_density":"2296"},{"statistic_yyy":"104","site_id":"新北市汐止區","people_total":"196028","area":"71.2354","population_density":"2752"},{"statistic_yyy":"104","site_id":"新北市瑞芳區","people_total":"40976","area":"70.7336","population_density":"579"},{"statistic_yyy":"104","site_id":"新北市土城區","people_total":"238703","area":"29.5578","population_density":"8076"},{"statistic_yyy":"104","site_id":"新北市蘆洲區","people_total":"200095","area":"7.4351","population_density":"26912"},{"statistic_yyy":"104","site_id":"新北市五股區","people_total":"82923","area":"34.8632","population_density":"2379"},{"statistic_yyy":"104","site_id":"新北市泰山區","people_total":"78707","area":"19.1603","population_density":"4108"},{"statistic_yyy":"104","site_id":"新北市林口區","people_total":"100350","area":"54.1519","population_density":"1853"},{"statistic_yyy":"104","site_id":"新北市深坑區","people_total":"23594","area":"20.5787","population_density":"1147"},{"statistic_yyy":"104","site_id":"新北市石碇區","people_total":"7855","area":"144.3498","population_density":"54"},{"statistic_yyy":"104","site_id":"新北市坪林區","people_total":"6490","area":"170.835","population_density":"38"},{"statistic_yyy":"104","site_id":"新北市三芝區","people_total":"23487","area":"65.9909","population_density":"356"},{"statistic_yyy":"104","site_id":"新北市石門區","people_total":"12641","area":"51.2645","population_density":"247"},{"statistic_yyy":"104","site_id":"新北市八里區","people_total":"37678","area":"39.4933","population_density":"954"},{"statistic_yyy":"104","site_id":"新北市平溪區","people_total":"4874","area":"71.3382","population_density":"68"},{"statistic_yyy":"104","site_id":"新北市雙溪區","people_total":"9245","area":"146.2484","population_density":"63"},{"statistic_yyy":"104","site_id":"新北市貢寮區","people_total":"12860","area":"99.9734","population_density":"129"},{"statistic_yyy":"104","site_id":"新北市金山區","people_total":"22260","area":"49.2132","population_density":"452"},{"statistic_yyy":"104","site_id":"新北市萬里區","people_total":"22642","area":"63.3766","population_density":"357"},{"statistic_yyy":"104","site_id":"新北市烏來區","people_total":"6187","area":"321.1306","population_density":"19"},{"statistic_yyy":"104","site_id":"臺北市松山區","people_total":"209714","area":"9.2878","population_density":"22580"},{"statistic_yyy":"104","site_id":"臺北市信義區","people_total":"229211","area":"11.2077","population_density":"20451"},{"statistic_yyy":"104","site_id":"臺北市大安區","people_total":"313058","area":"11.3614","population_density":"27555"},{"statistic_yyy":"104","site_id":"臺北市中山區","people_total":"231350","area":"13.6821","population_density":"16909"},{"statistic_yyy":"104","site_id":"臺北市中正區","people_total":"162475","area":"7.6071","population_density":"21358"},{"statistic_yyy":"104","site_id":"臺北市大同區","people_total":"130929","area":"5.6815","population_density":"23045"},{"statistic_yyy":"104","site_id":"臺北市萬華區","people_total":"194339","area":"8.8522","population_density":"21954"},{"statistic_yyy":"104","site_id":"臺北市文山區","people_total":"275367","area":"31.509","population_density":"8739"},{"statistic_yyy":"104","site_id":"臺北市南港區","people_total":"122245","area":"21.8424","population_density":"5597"},{"statistic_yyy":"104","site_id":"臺北市內湖區","people_total":"287566","area":"31.5787","population_density":"9106"},{"statistic_yyy":"104","site_id":"臺北市士林區","people_total":"290694","area":"62.3682","population_density":"4661"},{"statistic_yyy":"104","site_id":"臺北市北投區","people_total":"257862","area":"56.8216","population_density":"4538"},{"statistic_yyy":"104","site_id":"桃園市桃園區","people_total":"427145","area":"34.8046","population_density":"11936"},{"statistic_yyy":"104","site_id":"桃園市中壢區","people_total":"389782","area":"76.52","population_density":"4952"},{"statistic_yyy":"104","site_id":"桃園市大溪區","people_total":"93343","area":"105.1206","population_density":"875"},{"statistic_yyy":"104","site_id":"桃園市楊梅區","people_total":"161098","area":"89.1229","population_density":"1808"},{"statistic_yyy":"104","site_id":"桃園市蘆竹區","people_total":"155403","area":"75.5025","population_density":"2058"},{"statistic_yyy":"104","site_id":"桃園市大園區","people_total":"85565","area":"87.3925","population_density":"979"},{"statistic_yyy":"104","site_id":"桃園市龜山區","people_total":"145580","area":"72.0177","population_density":"2021"},{"statistic_yyy":"104","site_id":"桃園市八德區","people_total":"187420","area":"33.7111","population_density":"5560"},{"statistic_yyy":"104","site_id":"桃園市龍潭區","people_total":"118433","area":"75.2341","population_density":"1574"},{"statistic_yyy":"104","site_id":"桃園市平鎮區","people_total":"217887","area":"47.7532","population_density":"4563"},{"statistic_yyy":"104","site_id":"桃園市新屋區","people_total":"48409","area":"85.0166","population_density":"569"},{"statistic_yyy":"104","site_id":"桃園市觀音區","people_total":"64785","area":"87.9807","population_density":"736"},{"statistic_yyy":"104","site_id":"桃園市復興區","people_total":"10930","area":"350.7775","population_density":"31"},{"statistic_yyy":"104","site_id":"臺中市中區","people_total":"19020","area":"0.8803","population_density":"21606"},{"statistic_yyy":"104","site_id":"臺中市東區","people_total":"75182","area":"9.2855","population_density":"8097"},{"statistic_yyy":"104","site_id":"臺中市南區","people_total":"121786","area":"6.8101","population_density":"17883"},{"statistic_yyy":"104","site_id":"臺中市西區","people_total":"115693","area":"5.7042","population_density":"20282"},{"statistic_yyy":"104","site_id":"臺中市北區","people_total":"147547","area":"6.9376","population_density":"21268"},{"statistic_yyy":"104","site_id":"臺中市西屯區","people_total":"221785","area":"39.8467","population_density":"5566"},{"statistic_yyy":"104","site_id":"臺中市南屯區","people_total":"164575","area":"31.2578","population_density":"5265"},{"statistic_yyy":"104","site_id":"臺中市北屯區","people_total":"265159","area":"62.7034","population_density":"4229"},{"statistic_yyy":"104","site_id":"臺中市豐原區","people_total":"166749","area":"41.1845","population_density":"4049"},{"statistic_yyy":"104","site_id":"臺中市東勢區","people_total":"51308","area":"117.4065","population_density":"437"},{"statistic_yyy":"104","site_id":"臺中市大甲區","people_total":"77714","area":"58.5192","population_density":"1328"},{"statistic_yyy":"104","site_id":"臺中市清水區","people_total":"86146","area":"64.1709","population_density":"1342"},{"statistic_yyy":"104","site_id":"臺中市沙鹿區","people_total":"89592","area":"40.4604","population_density":"2214"},{"statistic_yyy":"104","site_id":"臺中市梧棲區","people_total":"57108","area":"16.6049","population_density":"3439"},{"statistic_yyy":"104","site_id":"臺中市后里區","people_total":"54344","area":"58.9439","population_density":"922"},{"statistic_yyy":"104","site_id":"臺中市神岡區","people_total":"65178","area":"35.0445","population_density":"1860"},{"statistic_yyy":"104","site_id":"臺中市潭子區","people_total":"106557","area":"25.8497","population_density":"4122"},{"statistic_yyy":"104","site_id":"臺中市大雅區","people_total":"93661","area":"32.4109","population_density":"2890"},{"statistic_yyy":"104","site_id":"臺中市新社區","people_total":"25086","area":"68.8874","population_density":"364"},{"statistic_yyy":"104","site_id":"臺中市石岡區","people_total":"15295","area":"18.2105","population_density":"840"},{"statistic_yyy":"104","site_id":"臺中市外埔區","people_total":"31899","area":"42.4099","population_density":"752"},{"statistic_yyy":"104","site_id":"臺中市大安區","people_total":"19542","area":"27.4045","population_density":"713"},{"statistic_yyy":"104","site_id":"臺中市烏日區","people_total":"72514","area":"43.4032","population_density":"1671"},{"statistic_yyy":"104","site_id":"臺中市大肚區","people_total":"56627","area":"37.0024","population_density":"1530"},{"statistic_yyy":"104","site_id":"臺中市龍井區","people_total":"76666","area":"38.0377","population_density":"2016"},{"statistic_yyy":"104","site_id":"臺中市霧峰區","people_total":"64657","area":"98.0779","population_density":"659"},{"statistic_yyy":"104","site_id":"臺中市太平區","people_total":"183923","area":"120.7473","population_density":"1523"},{"statistic_yyy":"104","site_id":"臺中市大里區","people_total":"208406","area":"28.8758","population_density":"7217"},{"statistic_yyy":"104","site_id":"臺中市和平區","people_total":"10726","area":"1037.82","population_density":"10"},{"statistic_yyy":"104","site_id":"臺南市新營區","people_total":"78165","area":"38.5386","population_density":"2028"},{"statistic_yyy":"104","site_id":"臺南市鹽水區","people_total":"26085","area":"52.2455","population_density":"499"},{"statistic_yyy":"104","site_id":"臺南市白河區","people_total":"29271","area":"126.4046","population_density":"232"},{"statistic_yyy":"104","site_id":"臺南市柳營區","people_total":"21629","area":"61.2929","population_density":"353"},{"statistic_yyy":"104","site_id":"臺南市後壁區","people_total":"24329","area":"72.2189","population_density":"337"},{"statistic_yyy":"104","site_id":"臺南市東山區","people_total":"21603","area":"124.9178","population_density":"173"},{"statistic_yyy":"104","site_id":"臺南市麻豆區","people_total":"44987","area":"53.9744","population_density":"833"},{"statistic_yyy":"104","site_id":"臺南市下營區","people_total":"24786","area":"33.5291","population_density":"739"},{"statistic_yyy":"104","site_id":"臺南市六甲區","people_total":"22586","area":"67.5471","population_density":"334"},{"statistic_yyy":"104","site_id":"臺南市官田區","people_total":"21685","area":"70.7953","population_density":"306"},{"statistic_yyy":"104","site_id":"臺南市大內區","people_total":"10054","area":"70.3125","population_density":"143"},{"statistic_yyy":"104","site_id":"臺南市佳里區","people_total":"59555","area":"38.9422","population_density":"1529"},{"statistic_yyy":"104","site_id":"臺南市學甲區","people_total":"26652","area":"53.9919","population_density":"494"},{"statistic_yyy":"104","site_id":"臺南市西港區","people_total":"24921","area":"33.7666","population_density":"738"},{"statistic_yyy":"104","site_id":"臺南市七股區","people_total":"23365","area":"110.1492","population_density":"212"},{"statistic_yyy":"104","site_id":"臺南市將軍區","people_total":"20309","area":"41.9796","population_density":"484"},{"statistic_yyy":"104","site_id":"臺南市北門區","people_total":"11527","area":"44.1003","population_density":"261"},{"statistic_yyy":"104","site_id":"臺南市新化區","people_total":"43828","area":"62.0579","population_density":"706"},{"statistic_yyy":"104","site_id":"臺南市善化區","people_total":"46933","area":"55.3097","population_density":"849"},{"statistic_yyy":"104","site_id":"臺南市新市區","people_total":"35853","area":"47.8096","population_density":"750"},{"statistic_yyy":"104","site_id":"臺南市安定區","people_total":"30331","area":"31.27","population_density":"970"},{"statistic_yyy":"104","site_id":"臺南市山上區","people_total":"7437","area":"27.878","population_density":"267"},{"statistic_yyy":"104","site_id":"臺南市玉井區","people_total":"14388","area":"76.3662","population_density":"188"},{"statistic_yyy":"104","site_id":"臺南市楠西區","people_total":"10032","area":"109.6316","population_density":"92"},{"statistic_yyy":"104","site_id":"臺南市南化區","people_total":"8893","area":"171.5198","population_density":"52"},{"statistic_yyy":"104","site_id":"臺南市左鎮區","people_total":"5071","area":"74.9025","population_density":"68"},{"statistic_yyy":"104","site_id":"臺南市仁德區","people_total":"73887","area":"50.7664","population_density":"1455"},{"statistic_yyy":"104","site_id":"臺南市歸仁區","people_total":"67906","area":"55.7913","population_density":"1217"},{"statistic_yyy":"104","site_id":"臺南市關廟區","people_total":"34719","area":"53.6413","population_density":"647"},{"statistic_yyy":"104","site_id":"臺南市龍崎區","people_total":"4196","area":"64.0814","population_density":"65"},{"statistic_yyy":"104","site_id":"臺南市永康區","people_total":"230806","area":"40.2753","population_density":"5731"},{"statistic_yyy":"104","site_id":"臺南市東區","people_total":"188865","area":"13.4156","population_density":"14078"},{"statistic_yyy":"104","site_id":"臺南市南區","people_total":"125738","area":"27.2681","population_density":"4611"},{"statistic_yyy":"104","site_id":"臺南市北區","people_total":"132651","area":"10.434","population_density":"12713"},{"statistic_yyy":"104","site_id":"臺南市安南區","people_total":"189620","area":"107.2016","population_density":"1769"},{"statistic_yyy":"104","site_id":"臺南市安平區","people_total":"65380","area":"11.0663","population_density":"5908"},{"statistic_yyy":"104","site_id":"臺南市中西區","people_total":"77498","area":"6.26","population_density":"12380"},{"statistic_yyy":"104","site_id":"高雄市鹽埕區","people_total":"25032","area":"1.4161","population_density":"17677"},{"statistic_yyy":"104","site_id":"高雄市鼓山區","people_total":"136665","area":"14.7523","population_density":"9264"},{"statistic_yyy":"104","site_id":"高雄市左營區","people_total":"196244","area":"19.3823","population_density":"10125"},{"statistic_yyy":"104","site_id":"高雄市楠梓區","people_total":"179931","area":"25.8276","population_density":"6967"},{"statistic_yyy":"104","site_id":"高雄市三民區","people_total":"346169","area":"19.7866","population_density":"17495"},{"statistic_yyy":"104","site_id":"高雄市新興區","people_total":"51955","area":"1.9764","population_density":"26288"},{"statistic_yyy":"104","site_id":"高雄市前金區","people_total":"27388","area":"1.8573","population_density":"14746"},{"statistic_yyy":"104","site_id":"高雄市苓雅區","people_total":"174515","area":"8.1522","population_density":"21407"},{"statistic_yyy":"104","site_id":"高雄市前鎮區","people_total":"192593","area":"19.1207","population_density":"10072"},{"statistic_yyy":"104","site_id":"高雄市旗津區","people_total":"29008","area":"1.4639","population_density":"19816"},{"statistic_yyy":"104","site_id":"高雄市小港區","people_total":"156256","area":"45.4426","population_density":"3439"},{"statistic_yyy":"104","site_id":"高雄市鳳山區","people_total":"356320","area":"26.759","population_density":"13316"},{"statistic_yyy":"104","site_id":"高雄市林園區","people_total":"70401","area":"32.286","population_density":"2181"},{"statistic_yyy":"104","site_id":"高雄市大寮區","people_total":"111663","area":"71.04","population_density":"1572"},{"statistic_yyy":"104","site_id":"高雄市大樹區","people_total":"43161","area":"66.9811","population_density":"644"},{"statistic_yyy":"104","site_id":"高雄市大社區","people_total":"34566","area":"26.5848","population_density":"1300"},{"statistic_yyy":"104","site_id":"高雄市仁武區","people_total":"82614","area":"36.0808","population_density":"2290"},{"statistic_yyy":"104","site_id":"高雄市鳥松區","people_total":"43965","area":"24.5927","population_density":"1788"},{"statistic_yyy":"104","site_id":"高雄市岡山區","people_total":"97827","area":"47.9421","population_density":"2041"},{"statistic_yyy":"104","site_id":"高雄市橋頭區","people_total":"37317","area":"25.9379","population_density":"1439"},{"statistic_yyy":"104","site_id":"高雄市燕巢區","people_total":"30124","area":"65.395","population_density":"461"},{"statistic_yyy":"104","site_id":"高雄市田寮區","people_total":"7473","area":"92.6802","population_density":"81"},{"statistic_yyy":"104","site_id":"高雄市阿蓮區","people_total":"29319","area":"34.6164","population_density":"847"},{"statistic_yyy":"104","site_id":"高雄市路竹區","people_total":"53033","area":"48.4348","population_density":"1095"},{"statistic_yyy":"104","site_id":"高雄市湖內區","people_total":"29615","area":"20.1615","population_density":"1469"},{"statistic_yyy":"104","site_id":"高雄市茄萣區","people_total":"30551","area":"15.7624","population_density":"1938"},{"statistic_yyy":"104","site_id":"高雄市永安區","people_total":"14152","area":"22.6141","population_density":"626"},{"statistic_yyy":"104","site_id":"高雄市彌陀區","people_total":"19655","area":"14.7772","population_density":"1330"},{"statistic_yyy":"104","site_id":"高雄市梓官區","people_total":"36429","area":"11.5967","population_density":"3141"},{"statistic_yyy":"104","site_id":"高雄市旗山區","people_total":"37770","area":"94.6122","population_density":"399"},{"statistic_yyy":"104","site_id":"高雄市美濃區","people_total":"40810","area":"120.0316","population_density":"340"},{"statistic_yyy":"104","site_id":"高雄市六龜區","people_total":"13467","area":"194.1584","population_density":"69"},{"statistic_yyy":"104","site_id":"高雄市甲仙區","people_total":"6291","area":"124.034","population_density":"51"},{"statistic_yyy":"104","site_id":"高雄市杉林區","people_total":"12383","area":"104.0036","population_density":"119"},{"statistic_yyy":"104","site_id":"高雄市內門區","people_total":"14978","area":"95.6224","population_density":"157"},{"statistic_yyy":"104","site_id":"高雄市茂林區","people_total":"1890","area":"194","population_density":"10"},{"statistic_yyy":"104","site_id":"高雄市桃源區","people_total":"4239","area":"928.98","population_density":"5"},{"statistic_yyy":"104","site_id":"高雄市那瑪夏區","people_total":"3149","area":"252.9895","population_density":"12"},{"statistic_yyy":"104","site_id":"宜蘭縣宜蘭市","people_total":"96051","area":"29.408","population_density":"3266"},{"statistic_yyy":"104","site_id":"宜蘭縣羅東鎮","people_total":"72404","area":"11.3448","population_density":"6382"},{"statistic_yyy":"104","site_id":"宜蘭縣蘇澳鎮","people_total":"40726","area":"89.0196","population_density":"457"},{"statistic_yyy":"104","site_id":"宜蘭縣頭城鎮","people_total":"29798","area":"100.893","population_density":"295"},{"statistic_yyy":"104","site_id":"宜蘭縣礁溪鄉","people_total":"35838","area":"101.4278","population_density":"353"},{"statistic_yyy":"104","site_id":"宜蘭縣壯圍鄉","people_total":"24258","area":"38.4769","population_density":"630"},{"statistic_yyy":"104","site_id":"宜蘭縣員山鄉","people_total":"32277","area":"111.9106","population_density":"288"},{"statistic_yyy":"104","site_id":"宜蘭縣冬山鄉","people_total":"53634","area":"79.8573","population_density":"672"},{"statistic_yyy":"104","site_id":"宜蘭縣五結鄉","people_total":"39559","area":"38.8671","population_density":"1018"},{"statistic_yyy":"104","site_id":"宜蘭縣三星鄉","people_total":"21441","area":"144.2238","population_density":"149"},{"statistic_yyy":"104","site_id":"宜蘭縣大同鄉","people_total":"6080","area":"657.5442","population_density":"9"},{"statistic_yyy":"104","site_id":"宜蘭縣南澳鄉","people_total":"6051","area":"740.652","population_density":"8"},{"statistic_yyy":"104","site_id":"新竹縣竹北市","people_total":"170790","area":"46.8341","population_density":"3647"},{"statistic_yyy":"104","site_id":"新竹縣關西鎮","people_total":"29936","area":"125.5193","population_density":"238"},{"statistic_yyy":"104","site_id":"新竹縣新埔鎮","people_total":"34111","area":"72.1911","population_density":"473"},{"statistic_yyy":"104","site_id":"新竹縣竹東鎮","people_total":"96311","area":"53.5133","population_density":"1800"},{"statistic_yyy":"104","site_id":"新竹縣湖口鄉","people_total":"77280","area":"58.4303","population_density":"1323"},{"statistic_yyy":"104","site_id":"新竹縣橫山鄉","people_total":"13515","area":"66.3502","population_density":"204"},{"statistic_yyy":"104","site_id":"新竹縣新豐鄉","people_total":"56125","area":"46.3496","population_density":"1211"},{"statistic_yyy":"104","site_id":"新竹縣芎林鄉","people_total":"20284","area":"40.7858","population_density":"497"},{"statistic_yyy":"104","site_id":"新竹縣寶山鄉","people_total":"14325","area":"64.7871","population_density":"221"},{"statistic_yyy":"104","site_id":"新竹縣北埔鄉","people_total":"9691","area":"50.6676","population_density":"191"},{"statistic_yyy":"104","site_id":"新竹縣峨眉鄉","people_total":"5642","area":"46.801","population_density":"121"},{"statistic_yyy":"104","site_id":"新竹縣尖石鄉","people_total":"9417","area":"527.5795","population_density":"18"},{"statistic_yyy":"104","site_id":"新竹縣五峰鄉","people_total":"4615","area":"227.728","population_density":"20"},{"statistic_yyy":"104","site_id":"苗栗縣苗栗市","people_total":"90469","area":"37.8878","population_density":"2388"},{"statistic_yyy":"104","site_id":"苗栗縣苑裡鎮","people_total":"103239","area":"68.2473","population_density":"1513"},{"statistic_yyy":"104","site_id":"苗栗縣通霄鎮","people_total":"47849","area":"107.8486","population_density":"444"},{"statistic_yyy":"104","site_id":"苗栗縣竹南鎮","people_total":"36172","area":"37.5592","population_density":"963"},{"statistic_yyy":"104","site_id":"苗栗縣頭份鎮","people_total":"84469","area":"53.3205","population_density":"1584"},{"statistic_yyy":"104","site_id":"苗栗縣後龍鎮","people_total":"37837","area":"75.8079","population_density":"499"},{"statistic_yyy":"104","site_id":"苗栗縣卓蘭鎮","people_total":"18057","area":"76.3153","population_density":"237"},{"statistic_yyy":"104","site_id":"苗栗縣大湖鄉","people_total":"15276","area":"90.8396","population_density":"168"},{"statistic_yyy":"104","site_id":"苗栗縣公館鄉","people_total":"34536","area":"71.4523","population_density":"483"},{"statistic_yyy":"104","site_id":"苗栗縣銅鑼鄉","people_total":"18710","area":"78.3805","population_density":"239"},{"statistic_yyy":"104","site_id":"苗栗縣南庄鄉","people_total":"10577","area":"165.4938","population_density":"64"},{"statistic_yyy":"104","site_id":"苗栗縣頭屋鄉","people_total":"11236","area":"52.5046","population_density":"214"},{"statistic_yyy":"104","site_id":"苗栗縣三義鄉","people_total":"17020","area":"69.3424","population_density":"245"},{"statistic_yyy":"104","site_id":"苗栗縣西湖鄉","people_total":"7466","area":"41.0758","population_density":"182"},{"statistic_yyy":"104","site_id":"苗栗縣造橋鄉","people_total":"13354","area":"47.9978","population_density":"278"},{"statistic_yyy":"104","site_id":"苗栗縣三灣鄉","people_total":"6994","area":"52.2964","population_density":"134"},{"statistic_yyy":"104","site_id":"苗栗縣獅潭鄉","people_total":"4606","area":"79.4324","population_density":"58"},{"statistic_yyy":"104","site_id":"苗栗縣泰安鄉","people_total":"6045","area":"614.5127","population_density":"10"},{"statistic_yyy":"104","site_id":"彰化縣彰化市","people_total":"235010","area":"65.6947","population_density":"3577"},{"statistic_yyy":"104","site_id":"彰化縣鹿港鎮","people_total":"124837","area":"39.4625","population_density":"3163"},{"statistic_yyy":"104","site_id":"彰化縣和美鎮","people_total":"86407","area":"39.9345","population_density":"2164"},{"statistic_yyy":"104","site_id":"彰化縣北斗鎮","people_total":"91113","area":"19.2547","population_density":"4732"},{"statistic_yyy":"104","site_id":"彰化縣員林鎮","people_total":"33225","area":"40.038","population_density":"830"},{"statistic_yyy":"104","site_id":"彰化縣溪湖鎮","people_total":"55742","area":"32.0592","population_density":"1739"},{"statistic_yyy":"104","site_id":"彰化縣田中鎮","people_total":"42490","area":"34.6056","population_density":"1228"},{"statistic_yyy":"104","site_id":"彰化縣二林鎮","people_total":"51882","area":"92.8478","population_density":"559"},{"statistic_yyy":"104","site_id":"彰化縣線西鄉","people_total":"17040","area":"18.0856","population_density":"942"},{"statistic_yyy":"104","site_id":"彰化縣伸港鄉","people_total":"36464","area":"22.3268","population_density":"1633"},{"statistic_yyy":"104","site_id":"彰化縣福興鄉","people_total":"47618","area":"49.8934","population_density":"954"},{"statistic_yyy":"104","site_id":"彰化縣秀水鄉","people_total":"39352","area":"29.3447","population_density":"1341"},{"statistic_yyy":"104","site_id":"彰化縣花壇鄉","people_total":"45984","area":"36.3469","population_density":"1265"},{"statistic_yyy":"104","site_id":"彰化縣芬園鄉","people_total":"24003","area":"38.0204","population_density":"631"},{"statistic_yyy":"104","site_id":"彰化縣大村鄉","people_total":"36531","area":"30.7837","population_density":"1187"},{"statistic_yyy":"104","site_id":"彰化縣埔鹽鄉","people_total":"32954","area":"38.6081","population_density":"854"},{"statistic_yyy":"104","site_id":"彰化縣埔心鄉","people_total":"34833","area":"20.9526","population_density":"1662"},{"statistic_yyy":"104","site_id":"彰化縣永靖鄉","people_total":"37985","area":"20.6382","population_density":"1841"},{"statistic_yyy":"104","site_id":"彰化縣社頭鄉","people_total":"43492","area":"36.1449","population_density":"1203"},{"statistic_yyy":"104","site_id":"彰化縣二水鄉","people_total":"15629","area":"29.4449","population_density":"531"},{"statistic_yyy":"104","site_id":"彰化縣田尾鄉","people_total":"27567","area":"24.0375","population_density":"1147"},{"statistic_yyy":"104","site_id":"彰化縣埤頭鄉","people_total":"30869","area":"42.7508","population_density":"722"},{"statistic_yyy":"104","site_id":"彰化縣芳苑鄉","people_total":"34352","area":"91.3827","population_density":"376"},{"statistic_yyy":"104","site_id":"彰化縣大城鄉","people_total":"17516","area":"63.7406","population_density":"275"},{"statistic_yyy":"104","site_id":"彰化縣竹塘鄉","people_total":"15638","area":"42.1662","population_density":"371"},{"statistic_yyy":"104","site_id":"彰化縣溪州鄉","people_total":"30539","area":"75.831","population_density":"403"},{"statistic_yyy":"104","site_id":"南投縣南投市","people_total":"101622","area":"71.6021","population_density":"1419"},{"statistic_yyy":"104","site_id":"南投縣埔里鎮","people_total":"82212","area":"162.2227","population_density":"507"},{"statistic_yyy":"104","site_id":"南投縣草屯鎮","people_total":"98837","area":"104.0327","population_density":"950"},{"statistic_yyy":"104","site_id":"南投縣竹山鎮","people_total":"56053","area":"247.3339","population_density":"227"},{"statistic_yyy":"104","site_id":"南投縣集集鎮","people_total":"11229","area":"49.7268","population_density":"226"},{"statistic_yyy":"104","site_id":"南投縣名間鄉","people_total":"39666","area":"83.0955","population_density":"477"},{"statistic_yyy":"104","site_id":"南投縣鹿谷鄉","people_total":"18234","area":"141.8981","population_density":"129"},{"statistic_yyy":"104","site_id":"南投縣中寮鄉","people_total":"15353","area":"146.6541","population_density":"105"},{"statistic_yyy":"104","site_id":"南投縣魚池鄉","people_total":"16289","area":"121.3735","population_density":"134"},{"statistic_yyy":"104","site_id":"南投縣國姓鄉","people_total":"19360","area":"175.7042","population_density":"110"},{"statistic_yyy":"104","site_id":"南投縣水里鄉","people_total":"18339","area":"106.8424","population_density":"172"},{"statistic_yyy":"104","site_id":"南投縣信義鄉","people_total":"16525","area":"1422.42","population_density":"12"},{"statistic_yyy":"104","site_id":"南投縣仁愛鄉","people_total":"15771","area":"1273.53","population_density":"12"},{"statistic_yyy":"104","site_id":"雲林縣斗六市","people_total":"108359","area":"93.7151","population_density":"1156"},{"statistic_yyy":"104","site_id":"雲林縣斗南鎮","people_total":"45590","area":"48.1505","population_density":"947"},{"statistic_yyy":"104","site_id":"雲林縣虎尾鎮","people_total":"70551","area":"68.742","population_density":"1026"},{"statistic_yyy":"104","site_id":"雲林縣西螺鎮","people_total":"46840","area":"49.7985","population_density":"941"},{"statistic_yyy":"104","site_id":"雲林縣土庫鎮","people_total":"29401","area":"49.0212","population_density":"600"},{"statistic_yyy":"104","site_id":"雲林縣北港鎮","people_total":"41006","area":"41.4999","population_density":"988"},{"statistic_yyy":"104","site_id":"雲林縣古坑鄉","people_total":"32326","area":"166.6059","population_density":"194"},{"statistic_yyy":"104","site_id":"雲林縣大埤鄉","people_total":"19727","area":"44.9973","population_density":"438"},{"statistic_yyy":"104","site_id":"雲林縣莿桐鄉","people_total":"29232","area":"50.8502","population_density":"575"},{"statistic_yyy":"104","site_id":"雲林縣林內鄉","people_total":"18664","area":"37.6035","population_density":"496"},{"statistic_yyy":"104","site_id":"雲林縣二崙鄉","people_total":"27939","area":"59.5625","population_density":"469"},{"statistic_yyy":"104","site_id":"雲林縣崙背鄉","people_total":"25469","area":"58.484","population_density":"435"},{"statistic_yyy":"104","site_id":"雲林縣麥寮鄉","people_total":"44600","area":"80.1668","population_density":"556"},{"statistic_yyy":"104","site_id":"雲林縣東勢鄉","people_total":"15391","area":"48.3562","population_density":"318"},{"statistic_yyy":"104","site_id":"雲林縣褒忠鄉","people_total":"13349","area":"37.0552","population_density":"360"},{"statistic_yyy":"104","site_id":"雲林縣臺西鄉","people_total":"24576","area":"54.0983","population_density":"454"},{"statistic_yyy":"104","site_id":"雲林縣元長鄉","people_total":"26857","area":"71.5872","population_density":"375"},{"statistic_yyy":"104","site_id":"雲林縣四湖鄉","people_total":"24742","area":"77.1189","population_density":"321"},{"statistic_yyy":"104","site_id":"雲林縣口湖鄉","people_total":"28489","area":"80.4612","population_density":"354"},{"statistic_yyy":"104","site_id":"雲林縣水林鄉","people_total":"26525","area":"72.9582","population_density":"364"},{"statistic_yyy":"104","site_id":"嘉義縣太保市","people_total":"37212","area":"66.8964","population_density":"556"},{"statistic_yyy":"104","site_id":"嘉義縣朴子市","people_total":"42956","area":"49.5737","population_density":"867"},{"statistic_yyy":"104","site_id":"嘉義縣布袋鎮","people_total":"27954","area":"61.7307","population_density":"453"},{"statistic_yyy":"104","site_id":"嘉義縣大林鎮","people_total":"31697","area":"64.1663","population_density":"494"},{"statistic_yyy":"104","site_id":"嘉義縣民雄鄉","people_total":"71862","area":"85.4969","population_density":"841"},{"statistic_yyy":"104","site_id":"嘉義縣溪口鄉","people_total":"15113","area":"33.0463","population_density":"457"},{"statistic_yyy":"104","site_id":"嘉義縣新港鄉","people_total":"32797","area":"66.0495","population_density":"497"},{"statistic_yyy":"104","site_id":"嘉義縣六腳鄉","people_total":"24202","area":"62.2619","population_density":"389"},{"statistic_yyy":"104","site_id":"嘉義縣東石鄉","people_total":"25751","area":"81.5821","population_density":"316"},{"statistic_yyy":"104","site_id":"嘉義縣義竹鄉","people_total":"19258","area":"79.2925","population_density":"243"},{"statistic_yyy":"104","site_id":"嘉義縣鹿草鄉","people_total":"16119","area":"54.3151","population_density":"297"},{"statistic_yyy":"104","site_id":"嘉義縣水上鄉","people_total":"50431","area":"69.1198","population_density":"730"},{"statistic_yyy":"104","site_id":"嘉義縣中埔鄉","people_total":"45724","area":"129.5016","population_density":"353"},{"statistic_yyy":"104","site_id":"嘉義縣竹崎鄉","people_total":"36546","area":"162.2256","population_density":"225"},{"statistic_yyy":"104","site_id":"嘉義縣梅山鄉","people_total":"20010","area":"119.7571","population_density":"167"},{"statistic_yyy":"104","site_id":"嘉義縣番路鄉","people_total":"11865","area":"117.5269","population_density":"101"},{"statistic_yyy":"104","site_id":"嘉義縣大埔鄉","people_total":"4621","area":"173.2472","population_density":"27"},{"statistic_yyy":"104","site_id":"嘉義縣阿里山鄉","people_total":"5721","area":"427.8471","population_density":"13"},{"statistic_yyy":"104","site_id":"屏東縣屏東市","people_total":"202562","area":"65.067","population_density":"3113"},{"statistic_yyy":"104","site_id":"屏東縣潮州鎮","people_total":"54719","area":"42.4331","population_density":"1290"},{"statistic_yyy":"104","site_id":"屏東縣東港鎮","people_total":"48058","area":"29.4635","population_density":"1631"},{"statistic_yyy":"104","site_id":"屏東縣恆春鎮","people_total":"30874","area":"136.763","population_density":"226"},{"statistic_yyy":"104","site_id":"屏東縣萬丹鄉","people_total":"51647","area":"57.4679","population_density":"899"},{"statistic_yyy":"104","site_id":"屏東縣長治鄉","people_total":"30305","area":"39.8861","population_density":"760"},{"statistic_yyy":"104","site_id":"屏東縣麟洛鄉","people_total":"11231","area":"16.26","population_density":"691"},{"statistic_yyy":"104","site_id":"屏東縣九如鄉","people_total":"22090","area":"42.0187","population_density":"526"},{"statistic_yyy":"104","site_id":"屏東縣里港鄉","people_total":"27040","area":"68.9208","population_density":"392"},{"statistic_yyy":"104","site_id":"屏東縣鹽埔鄉","people_total":"26361","area":"64.3493","population_density":"410"},{"statistic_yyy":"104","site_id":"屏東縣高樹鄉","people_total":"25163","area":"90.1522","population_density":"279"},{"statistic_yyy":"104","site_id":"屏東縣萬巒鄉","people_total":"20765","area":"60.7315","population_density":"342"},{"statistic_yyy":"104","site_id":"屏東縣內埔鄉","people_total":"55644","area":"81.8554","population_density":"680"},{"statistic_yyy":"104","site_id":"屏東縣竹田鄉","people_total":"17544","area":"29.0732","population_density":"603"},{"statistic_yyy":"104","site_id":"屏東縣新埤鄉","people_total":"10058","area":"59.0102","population_density":"170"},{"statistic_yyy":"104","site_id":"屏東縣枋寮鄉","people_total":"25120","area":"57.7347","population_density":"435"},{"statistic_yyy":"104","site_id":"屏東縣新園鄉","people_total":"36217","area":"38.3109","population_density":"945"},{"statistic_yyy":"104","site_id":"屏東縣崁頂鄉","people_total":"16155","area":"31.2659","population_density":"517"},{"statistic_yyy":"104","site_id":"屏東縣林邊鄉","people_total":"18896","area":"15.6233","population_density":"1209"},{"statistic_yyy":"104","site_id":"屏東縣南州鄉","people_total":"10857","area":"18.97","population_density":"572"},{"statistic_yyy":"104","site_id":"屏東縣佳冬鄉","people_total":"19905","area":"30.9842","population_density":"642"},{"statistic_yyy":"104","site_id":"屏東縣琉球鄉","people_total":"12517","area":"6.8018","population_density":"1840"},{"statistic_yyy":"104","site_id":"屏東縣車城鄉","people_total":"8917","area":"49.8517","population_density":"179"},{"statistic_yyy":"104","site_id":"屏東縣滿州鄉","people_total":"7999","area":"142.2013","population_density":"56"},{"statistic_yyy":"104","site_id":"屏東縣枋山鄉","people_total":"5644","area":"17.2697","population_density":"327"},{"statistic_yyy":"104","site_id":"屏東縣三地門鄉","people_total":"7701","area":"196.3965","population_density":"39"},{"statistic_yyy":"104","site_id":"屏東縣霧臺鄉","people_total":"3329","area":"278.796","population_density":"12"},{"statistic_yyy":"104","site_id":"屏東縣瑪家鄉","people_total":"6769","area":"78.7008","population_density":"86"},{"statistic_yyy":"104","site_id":"屏東縣泰武鄉","people_total":"5217","area":"118.6266","population_density":"44"},{"statistic_yyy":"104","site_id":"屏東縣來義鄉","people_total":"7570","area":"167.7756","population_density":"45"},{"statistic_yyy":"104","site_id":"屏東縣春日鄉","people_total":"4806","area":"160.001","population_density":"30"},{"statistic_yyy":"104","site_id":"屏東縣獅子鄉","people_total":"4806","area":"301.0018","population_density":"16"},{"statistic_yyy":"104","site_id":"屏東縣牡丹鄉","people_total":"4767","area":"181.8366","population_density":"26"},{"statistic_yyy":"104","site_id":"臺東縣臺東市","people_total":"106759","area":"109.7691","population_density":"973"},{"statistic_yyy":"104","site_id":"臺東縣成功鎮","people_total":"14652","area":"143.9939","population_density":"102"},{"statistic_yyy":"104","site_id":"臺東縣關山鎮","people_total":"8923","area":"58.7351","population_density":"152"},{"statistic_yyy":"104","site_id":"臺東縣卑南鄉","people_total":"17507","area":"412.6871","population_density":"42"},{"statistic_yyy":"104","site_id":"臺東縣大武鄉","people_total":"6324","area":"69.1454","population_density":"91"},{"statistic_yyy":"104","site_id":"臺東縣太麻里鄉","people_total":"11374","area":"96.6523","population_density":"118"},{"statistic_yyy":"104","site_id":"臺東縣東河鄉","people_total":"8847","area":"210.1908","population_density":"42"},{"statistic_yyy":"104","site_id":"臺東縣長濱鄉","people_total":"7579","area":"155.1868","population_density":"49"},{"statistic_yyy":"104","site_id":"臺東縣鹿野鄉","people_total":"8107","area":"89.698","population_density":"90"},{"statistic_yyy":"104","site_id":"臺東縣池上鄉","people_total":"8488","area":"82.6854","population_density":"103"},{"statistic_yyy":"104","site_id":"臺東縣綠島鄉","people_total":"3775","area":"15.0919","population_density":"250"},{"statistic_yyy":"104","site_id":"臺東縣延平鄉","people_total":"3575","area":"455.8805","population_density":"8"},{"statistic_yyy":"104","site_id":"臺東縣海端鄉","people_total":"4322","area":"880.0382","population_density":"5"},{"statistic_yyy":"104","site_id":"臺東縣達仁鄉","people_total":"3589","area":"306.4454","population_density":"12"},{"statistic_yyy":"104","site_id":"臺東縣金峰鄉","people_total":"3586","area":"380.6635","population_density":"9"},{"statistic_yyy":"104","site_id":"臺東縣蘭嶼鄉","people_total":"5045","area":"48.3892","population_density":"104"},{"statistic_yyy":"104","site_id":"花蓮縣花蓮市","people_total":"105724","area":"29.4095","population_density":"3595"},{"statistic_yyy":"104","site_id":"花蓮縣鳳林鎮","people_total":"11115","area":"120.5181","population_density":"92"},{"statistic_yyy":"104","site_id":"花蓮縣玉里鎮","people_total":"25013","area":"252.3719","population_density":"99"},{"statistic_yyy":"104","site_id":"花蓮縣新城鄉","people_total":"20216","area":"29.4095","population_density":"687"},{"statistic_yyy":"104","site_id":"花蓮縣吉安鄉","people_total":"83240","area":"65.2582","population_density":"1276"},{"statistic_yyy":"104","site_id":"花蓮縣壽豐鄉","people_total":"18195","area":"218.4448","population_density":"83"},{"statistic_yyy":"104","site_id":"花蓮縣光復鄉","people_total":"13219","area":"157.11","population_density":"84"},{"statistic_yyy":"104","site_id":"花蓮縣豐濱鄉","people_total":"4541","area":"162.4332","population_density":"28"},{"statistic_yyy":"104","site_id":"花蓮縣瑞穗鄉","people_total":"11926","area":"135.5862","population_density":"88"},{"statistic_yyy":"104","site_id":"花蓮縣富里鄉","people_total":"10633","area":"176.3705","population_density":"60"},{"statistic_yyy":"104","site_id":"花蓮縣秀林鄉","people_total":"15666","area":"1641.86","population_density":"10"},{"statistic_yyy":"104","site_id":"花蓮縣萬榮鄉","people_total":"6420","area":"618.491","population_density":"10"},{"statistic_yyy":"104","site_id":"花蓮縣卓溪鄉","people_total":"6037","area":"1021.31","population_density":"6"},{"statistic_yyy":"104","site_id":"澎湖縣馬公市","people_total":"60924","area":"33.9918","population_density":"1792"},{"statistic_yyy":"104","site_id":"澎湖縣湖西鄉","people_total":"14413","area":"33.3008","population_density":"433"},{"statistic_yyy":"104","site_id":"澎湖縣白沙鄉","people_total":"9710","area":"20.0875","population_density":"483"},{"statistic_yyy":"104","site_id":"澎湖縣西嶼鄉","people_total":"8417","area":"18.7148","population_density":"450"},{"statistic_yyy":"104","site_id":"澎湖縣望安鄉","people_total":"5091","area":"13.7824","population_density":"369"},{"statistic_yyy":"104","site_id":"澎湖縣七美鄉","people_total":"3749","area":"6.9868","population_density":"537"},{"statistic_yyy":"104","site_id":"基隆市中正區","people_total":"52710","area":"10.2118","population_density":"5162"},{"statistic_yyy":"104","site_id":"基隆市七堵區","people_total":"54060","area":"56.2659","population_density":"961"},{"statistic_yyy":"104","site_id":"基隆市暖暖區","people_total":"38379","area":"22.8283","population_density":"1681"},{"statistic_yyy":"104","site_id":"基隆市仁愛區","people_total":"45626","area":"4.2335","population_density":"10777"},{"statistic_yyy":"104","site_id":"基隆市中山區","people_total":"48397","area":"10.5238","population_density":"4599"},{"statistic_yyy":"104","site_id":"基隆市安樂區","people_total":"81329","area":"18.025","population_density":"4512"},{"statistic_yyy":"104","site_id":"基隆市信義區","people_total":"51604","area":"10.6706","population_density":"4836"},{"statistic_yyy":"104","site_id":"新竹市東區","people_total":"208142","area":"33.5768","population_density":"6199"},{"statistic_yyy":"104","site_id":"新竹市北區","people_total":"149156","area":"15.7267","population_density":"9484"},{"statistic_yyy":"104","site_id":"新竹市香山區","people_total":"76762","area":"54.8491","population_density":"1400"},{"statistic_yyy":"104","site_id":"嘉義市東區","people_total":"122900","area":"30.1556","population_density":"4076"},{"statistic_yyy":"104","site_id":"嘉義市西區","people_total":"147466","area":"29.87","population_density":"4937"},{"statistic_yyy":"104","site_id":"金門縣金城鎮","people_total":"42344","area":"21.713","population_density":"1950"},{"statistic_yyy":"104","site_id":"金門縣金湖鎮","people_total":"28402","area":"41.696","population_density":"681"},{"statistic_yyy":"104","site_id":"金門縣金沙鎮","people_total":"20107","area":"41.19","population_density":"488"},{"statistic_yyy":"104","site_id":"金門縣金寧鄉","people_total":"28833","area":"29.854","population_density":"966"},{"statistic_yyy":"104","site_id":"金門縣烈嶼鄉","people_total":"12450","area":"16.003","population_density":"778"},{"statistic_yyy":"104","site_id":"金門縣烏坵鄉","people_total":"663","area":"1.2","population_density":"553"},{"statistic_yyy":"104","site_id":"連江縣南竿鄉","people_total":"7409","area":"10.4","population_density":"712"},{"statistic_yyy":"104","site_id":"連江縣北竿鄉","people_total":"2333","area":"9.9","population_density":"236"},{"statistic_yyy":"104","site_id":"連江縣莒光鄉","people_total":"1535","area":"4.7","population_density":"327"},{"statistic_yyy":"104","site_id":"連江縣東引鄉","people_total":"1270","area":"3.8","population_density":"334"},{"statistic_yyy":"104","site_id":"東沙群島","people_total":"0","area":"2.38","population_density":"0"},{"statistic_yyy":"104","site_id":"南沙群島","people_total":"0","area":"0.4896","population_density":"0"}]